{
    "segments": [
        { "start": [1, 3], "end": [2, 3] },
        { "start": [2, 3], "end": [3, 3] },
        { "start": [3, 3], "end": [4, 3] },
        { "start": [2, 3], "end": [2, 2] },
        { "start": [3, 3], "end": [3, 2] },
        { "start": [4, 3], "end": [4, 2] },
        { "start": [1, 4], "end": [2, 4] },
        { "start": [2, 4], "end": [3, 4] },
        { "start": [3, 4], "end": [4, 4] },
        { "start": [2, 4], "end": [2, 5] },
        { "start": [3, 4], "end": [3, 5] },
        { "start": [4, 4], "end": [4, 5] },
        { "start": [4, 3], "end": [4, 4] }
    ],

    "square_handles": [],

    "max_move": 6
}