{
    "segments": [
        { "start": [1, 3], "end": [1, 4] },
        { "start": [1, 4], "end": [1, 5] },
        { "start": [2, 2], "end": [2, 3] },
        { "start": [1, 3], "end": [2, 3] },
        { "start": [2, 3], "end": [2, 4] },
        { "start": [1, 5], "end": [2, 5] },
        { "start": [2, 5], "end": [2, 6] },
        { "start": [2, 5], "end": [3, 5] },
        { "start": [3, 5], "end": [3, 4] },
        { "start": [3, 4], "end": [3, 3] },
        { "start": [3, 3], "end": [4, 3] },
        { "start": [3, 5], "end": [4, 5] }
    ],

    "square_handles": [],

    "cross_handles": [[2, 4]],

    "max_move": 5
}